id,stem,option1,option2,option3,option4,option5,option6,option7,option8,correct,explanation,specialty,tags,image_path
1,"In patients with type 1 diabetes mellitus, when will the HbA1c expected to be the lowest?",Age 9 and below,Age 10 to 19,Age 20 to 29,Age > 60,,,,,1,"HbA1c is lowest in children <9 years. Pre-pubertal children are more insulin-sensitive. During puberty (10–19), growth hormone and sex steroids cause insulin resistance so HbA1c tends to rise. Adults generally have higher or more relaxed targets than young children.",Endocrine,"T1DM,HbA1c,Paediatrics,2020 MS",
2,Which DNA repair pathway is affected by PARP inhibitors in the treatment of advanced BRCA1 positive advanced ovarian cancer?,Base excision repair,Nucleotide excision repair,Double stranded break via homologous recombination,DNA mismatch repair,,,,,1,"PARP-1 is required for base excision repair (BER) of single-strand breaks. In BRCA-mutated cells, homologous recombination is already defective. Blocking BER causes accumulation of single-strand breaks that collapse into double-strand breaks the cell cannot repair, leading to synthetic lethality. Thus PARP inhibitors target the base excision repair pathway.",Oncology,"PARP inhibitors,Base excision repair,BRCA1,Ovarian cancer,Oncology,2020 MS",
3,"Using the diagram provided below, determine which of the following is most likely to represent a pathogenic mutation? EXON (CGGCAGGAT) | INTRON (AAGGCAGCT) | EXON (CGGGATAGC)",CGGCA(A)GAT  |  AAGGCAGCTAG  |  CGGGATAGC,CGGCAGGAT  |  AAGGCGGCTAG  |  CGGG(A)TAGC,CGGCA_GAT  |  AAGGCAGCTAG  |  CGGGATAGC,CGGCAGGAT  |  AAGGCAGCTAG  | CG(A)GATAGC,,,,,3,"The original exon sequence is: CGGCAGGAT  CGGGATAGC. Option C has a missing base (deletion) in the exon: CGGCA_GAT. This shifts the reading frame (frameshift mutation), so every codon downstream is changed, usually generating a premature stop codon and a truncated, non-functional protein _ highly likely to be pathogenic.",Genetics,"Genetics, Frameshift mutation, Exon deletion, Pathogenic mutation, 2020 MS",images/q0003.png
4,A 50-year-old male presents with adult-onset asthma. It is not responding to salbutamol and inhaled corticosteroids. What is the next step in management?,Spirometry,FeNO,CT chest,Sputum eosinophils,,,,,1,"When asthma is not responding to standard therapy, the first step is to confirm the diagnosis, and spirometry with bronchodilator testing is the recommended initial investigation. FeNO and sputum eosinophils are secondary tests used after airflow obstruction is demonstrated. CT chest is not first-line unless red flags are present.",Respiratory ,"Asthma,Spirometry,Airways disease,Respiratory, 2020 MS",
5,What is the common homozygous gene mutation that results in haemochromatosis?,C282Y,delta F508,H63D,S65C,,,,,1,Hereditary haemochromatosis is most commonly caused by homozygosity for the C282Y mutation in the HFE gene. Other mutations like H63D are less penetrant and typically cause milder or no disease.,Genetics,"Haemochromatosis,C282Y,HFE,Genetics,2020 MS",
6,"Over ten years the relative risk, (fully adjusted for confounders) of diabetes when comparing people who drink sugar sweetened beverages (SSBs) everyday compared to those who don't is 1.2. In a population where 50% of the people drink SSBs every day, what is the population attributable fraction?",1%,2%,10%,20%,,,,,3,"PAF = Pe(RR-1) / [Pe(RR-1) + 1]. With Pe = 0.5 and RR = 1.2, the PAF = 0.09, so the closest answer is 10%. (Pe = Population exposed)",Statistics,"PAF,Epidemiology,Statistics,Risk,2020 MS",
7,A patient with Crohns disease has both axial (sacroiliitis) and peripheral arthritis. He is started on sulfasalazine and his bowel symptoms improve. Which arthritic symptoms will also improve?,Both axial and peripheral,"Just axial, not peripheral","Not axial, just peripheral",Neither axial nor peripheral,,,,,3,"Sulfasalazine is effective for peripheral enteropathic arthritis but does not meaningfully improve axial (sacroiliac/spinal) disease, which responds better to biologic agents such as anti-TNF therapy.",Rheumatology,"Crohns disease,Enteropathic arthritis,Sulfasalazine,Rheumatology,2020 MS",
8,Beta-2 microglobulin is a component of which immune structure?,B cell,T cell,MHC I,MHC II,,,,,3,"Beta-2 microglobulin forms the invariant light chain of MHC class I molecules on all nucleated cells, stabilising the complex; it is not part of MHC class II.",Immunology,"Beta-2 microglobulin,MHC I,Immunology,2020 MS",
9,"A patient eats microwaved rice for lunch and presents with vomiting, abdominal pain, and diarrhoea three hours later. What is the likely cause?",Campylobacter,Bacillus cereus,Salmonella,Shigella,,,,,2,Bacillus cereus classically causes rapid-onset food poisoning from reheated rice due to preformed toxin; onset is typically within a few hours.,Infectious diseases,"Bacillus cereus,Food poisoning,Microwaved rice,Infectious diseases,2020 MS",
10,What is the mechanism of methotrexate?,Inhibits dihydrofolate reductase,Inhibits dihydroorotate reductase,Inhibits inosine monophosphate dehydrogenase,Inhibits thiopurine methyltransferase,,,,,1,"Methotrexate is a folate analogue that competitively inhibits dihydrofolate reductase, reducing tetrahydrofolate and impairing thymidylate and purine synthesis.",Rheumatology,"Methotrexate,DHF reductase inhibitor,DMARD,Rheumatology,2020 MS",
11,What process of B cell maturation takes place in the germinal centres?,Somatic hypermutation,Activation of B cells from T cells,Direct presentation of antigen to B cells,Positive selection,,,,,1,"Within germinal centres, activated B cells undergo somatic hypermutation and affinity maturation of their immunoglobulin genes (often with class switching).",Immunology,"B cell maturation,Germinal centre,Somatic hypermutation,Immunology,2020 MS",
12,Pirfenidone delays worsening of forced vital capacity (FVC) in which group?,Emphysema,Pulmonary embolism,Interstitial pulmonary fibrosis,Silicosis related fibrosis,,,,,3,"Pirfenidone is an antifibrotic agent shown to slow FVC decline and disease progression in idiopathic pulmonary fibrosis, a form of interstitial pulmonary fibrosis.",Respiratory ,"Pirfenidone,Idiopathic pulmonary fibrosis,Interstitial lung disease,Respiratory,2020 MS",
13,What cell type is typically found in the inflammatory infiltrate of clozapine-associated myocarditis?,Lymphocytes,Neutrophils,Eosinophils,Giant cells,,,,,3,Clozapine myocarditis is characteristically an eosinophilic hypersensitivity myocarditis with prominent eosinophilic infiltrates on histology.,Cardiology,"Clozapine myocarditis,Eosinophilic myocarditis,Cardiology,2020 MS",
14,What is the mechanism of resistance of carbapenemase-producing bacteria?,Hydrolysis of beta-lactam,Alteration of target site,Change in porin size,Efflux pump,,,,,1,"Carbapenemases are beta-lactamases that hydrolyse the beta-lactam ring of carbapenems, inactivating the antibiotic.",Infectious diseases,"Carbapenemase,Beta-lactamase,Antibiotic resistance,Infectious diseases,2020 MS",
15,Which pharmacodynamic factor is most important for the efficacy of penicillins?,Time above MIC,Peak concentration,AUC:MIC ratio,AUC,,,,,1,Penicillins are time-dependent killers; their efficacy correlates best with the proportion of the dosing interval that free drug levels remain above the MIC.,Infectious diseases,"Penicillin,Time above MIC,Pharmacodynamics,Infectious diseases,2020 MS",
16,What is the mechanism of decreased haptoglobin in haemolytic anaemia?,Haptoglobin haemoglobin dimers cleared by liver,Bilirubin haptoglobin dimers cleared by liver,Haptoglobin haemoglobin dimers cleared by kidney,Bilirubin haptoglobin dimers cleared by kidney,,,,,1,"In intravascular haemolysis, free haemoglobin binds haptoglobin to form complexes that are taken up and cleared by the liver, depleting serum haptoglobin.",Haematology,"Haemolytic anaemia,Haptoglobin,Intravascular haemolysis,Haematology,2020 MS",
17,Which cranial nerves carry parasympathetic nerve fibres?,"III, V, VII, IX","III, V, VII, X","III, V, IX, X","III, VII, IX, X",,,,,4,"Preganglionic parasympathetic fibres leave the brainstem in cranial nerves III, VII, IX and X; V does not carry preganglionic parasympathetic fibres.",Neurology,"Parasympathetic cranial nerves,CN III,CN VII,CN IX,CN X,Neurology,2020 MS",
18,"Type B nerve fibres are small, myelinated fibres. Which of the following is an example of this?",Pain and temperature,Vibration and proprioception,Efferent to intrafusal muscles,Preganglionic nerve fibres of autonomic system,,,,,4,"Type B fibres are small, myelinated preganglionic autonomic fibres with relatively slow conduction compared with larger type A fibres.",Neurology,"Type B nerve fibres,Preganglionic autonomic,Neurology,2020 MS",
19,What is the primary mechanism of action for metaraminol?,Alpha 1,Alpha 2,Beta 1,Beta 2,,,,,1,Metaraminol is a predominantly alpha-1 adrenergic agonist (with some indirect noradrenaline-releasing effects) used as a vasopressor to increase blood pressure.,Intensive care,"Metaraminol,Alpha-1 agonist,Vasopressor,ICU,2020 MS",
20,Which of the following rarely causes renal amyloidosis?,Transthyretin-associated,AA,AL,Apolipoprotein A1 amyloidosis,,,,,1,Renal involvement is common in AA and AL amyloidoses and can occur with ApoA1; transthyretin (ATTR) amyloidosis predominantly affects the heart and peripheral nerves and rarely causes renal amyloid.,Renal,"Renal amyloidosis,Transthyretin,AA amyloid,AL amyloid,Renal,2020 MS",
21,What is the most common type of Ehlers-Danlos syndrome?,Classic,Hypermobile,Cardiac-valvular,Vascular,,,,,2,"The hypermobile type of Ehlers-Danlos syndrome is the most common clinical subtype, characterised by joint hypermobility and soft, stretchy skin without the marked vascular fragility seen in the vascular type.",Rheumatology,"Ehlers-Danlos,Hypermobile,EDS,Rheumatology,2020 MS",
22,"When determining whether a drug is bioequivalent, which pharmacological parameter is most important?",Maximal concentration,Area under the curve,Bioavailability,Distribution,,,,,2,"Bioequivalence studies primarily compare the area under the plasma concentration-time curve (AUC), along with Cmax (though AUC has becomen the primary measure), to ensure similar extent and rate of absorption between formulations.",Pharmacology,"Bioequivalence,AUC,Pharmacology,2020 MS",
23,What is the most common cell type for functioning pituitary adenomas?,Gonadotroph,Somatotroph,Lactotroph,Pituicyte,,,,,3,"Prolactin-secreting lactotroph adenomas are the most common functioning pituitary adenomas, followed by somatotroph and corticotroph tumours.",Endocrine,"Pituitary adenoma,Lactotroph,Prolactinoma,Endocrine,2020 MS",
24,What is the function of telomerase reverse transcriptase?,Adding DNA to ends,Capping the ends of DNA,Unravelling DNA helix,Removing telomere repeat sequence from the 3 end of telomeres,,,,,1,"Telomerase is a reverse transcriptase that adds repetitive DNA sequences to the ends of chromosomes, helping maintain telomere length during replication.",Genetics,"Telomerase,Telomere,Reverse transcriptase,Genetics,2020 MS",
25,BRCA1-associated breast cancers are most commonly associated with which receptor pattern?,ER positive PR positive HER2 negative,ER negative PR negative HER2 negative,ER positive PR negative HER2 negative,ER negative PR positive HER2 positive,,,,,2,"BRCA1-related breast cancers are typically high-grade, basal-like, and triple negative for ER, PR and HER2.",Oncology,"BRCA1,Triple negative breast cancer,Oncology,2020 MS",
26,A patient with a QTc of 550 milliseconds requires antibiotics. Which of these is most likely to cause further QT prolongation?,Amoxicillin,Ciprofloxacin,Nitrofurantoin,Cephalexin,,,,,2,"Fluoroquinolones such as ciprofloxacin can prolong the QT interval, whereas amoxicillin, nitrofurantoin and cephalexin do not have significant QT-prolonging effects.",Cardiology,"QT prolongation,Ciprofloxacin,Cardiology,2020 MS",
27,Which vitamin is given to patients with chronic haemolytic anaemia to reduce the risk of developing aplastic crisis?,Vitamin C,Cobalamin,Folate,Vitamin B12,,,,,3,"Patients with chronic haemolysis have increased red cell turnover and folate requirements for DNA synthesis, so folic acid supplementation is used to prevent megaloblastic change and aplastic crises.",Haematology,"Haemolytic anaemia,Folate,Haematology,2020 MS",
28,In which breast cancer patients are CDK4/6 inhibitors indicated?,ER PR positive HER2 negative,ER PR negative HER2 positive,ER PR negative HER2 negative,ER PR positive HER2 positive,,,,,1,"Cyclin-D-CDK4/6 inhibitors such as palbociclib are used in hormone-receptor-positive, HER2-negative advanced or metastatic breast cancer in combination with endocrine therapy. Inhibition of CDK4/6 prevents phosphorylation of pRB (retinoblastoma protein), keeping pRB in its active hypophosphorylated form. Active pRB remains bound to E2F, preventing E2F-mediated transcription of genes such as Cyclin E that are required for S-phase entry. As a result, the cell is arrested in G1 and cannot progress to the S phase.",Oncology,"CDK4 6 inhibitor,Breast cancer,ER positive,HER2 negative,Oncology,2020 MS",
29,What is the mechanism of action of sirolimus in treating tuberous sclerosis?,Inhibitor of TSC1-TSC2 gene interaction,Activator of TSC1-TSC2 gene interaction,Mammalian target of rapamycin inhibitor,None of the above,,,,,3,"Sirolimus is an inhibitor of the mammalian target of rapamycin (mTOR) pathway, which is overactive in tuberous sclerosis due to TSC1 or TSC2 mutations.",Genetics,"Sirolimus,mTOR inhibitor,Tuberous sclerosis,Genetics,2020 MS",
30,What is the approximate half life of thyroxine in humans?,1 day,7 days,21 days,42 days,,,,,2,"Thyroxine has a long half life of about 7 days in euthyroid individuals, which underlies the slow onset and offset of effect with dose changes. It would technically allow patients to take their weekly dose on one day per week. Futhermore, it explains why daily dosing is adjusted by calculating the total weekly dose.",Endocrine,"Thyroxine,T4,Half life,Endocrine,2020 MS",
31,What is array comparative genomic hybridisation used for?,Balanced chromosomal translocations,Chromosomal microdeletions,Missense mutations,Single nucleotide polymorphisms,,,,,2,"Array comparative genomic hybridisation detects copy number changes such as microdeletions and microduplications, but does not detect balanced translocations or point mutations.",Genetics,"Array CGH,Microdeletion,Copy number variation,Genetics,2020 MS",
32,What is the expected thyroid scintigraphy pattern in subacute thyroiditis?,Diffuse uptake,Focal uptake,Normal,Suppressed,,,,,4,"In subacute (de Quervain) thyroiditis, preformed hormone is released from a damaged gland, so radioiodine uptake is low or absent and appears suppressed on scintigraphy.",Endocrine,"Subacute thyroiditis,Thyroid scintigraphy,Endocrine,2020 MS",
33,"What is the mechanism of action of denosumab, a RANK ligand inhibitor?",Inhibits osteoclast maturation,Inhibits osteoblast apoptosis,Causes osteoblast apoptosis,Causes osteoclast maturation,,,,,1,"Denosumab is a monoclonal antibody against RANK ligand, preventing RANK ligand from binding RANK on osteoclast precursors and thereby inhibiting osteoclast formation and activity.",Endocrine,"Denosumab,RANK ligand,Osteoclast,Endocrine,2020 MS",
34,Tranexamic acid improves survival in major trauma. What does tranexamic acid bind to?,Plasminogen,Thrombin,Factor X,Fibrin,,,,,1,"Tranexamic acid is a lysine analogue that binds plasminogen and plasmin, inhibiting their interaction with fibrin and thereby reducing fibrinolysis. (It has the opposite effect to tPA)",Haematology,"Tranexamic acid,Plasminogen,Antifibrinolytic,Haematology,2020 MS",
35,B-type natriuretic peptide is commonly measured in heart failure. In which patient group does it have reduced sensitivity for diagnosing heart failure?,Chronic kidney disease,Sepsis,Advanced age,Obesity,,,,,4,"BNP levels tend to be lower than expected in obese patients, reducing the sensitivity of BNP for detecting heart failure in this group.",Cardiology,"BNP,Heart failure,Obesity,Cardiology,2020 MS",
36,Oxygenation is increased by improving functional residual capacity. This is done by adjusting which ventilator setting?,End inspiratory pressure,Increased FiO2,PEEP,Respiratory rate,,,,,3,"Positive end expiratory pressure increases functional residual capacity, helping to prevent alveolar collapse and improve oxygenation.",Respiratory ,"PEEP,FRC,Oxygenation,Respiratory,2020 MS",
37,"Peak concentrations of therapeutic doses of paracetamol occur at about 2 hours. In overdose, peak concentrations occur later, around 6 hours. What is the main reason for this difference?",Delayed absorption,Delayed elimination,Administration of N-acetylcysteine,Administration of activated charcoal,,,,,1,"Massive overdose slows gastric emptying and can lead to formation of pharmacobezoars, delaying absorption and shifting the time to peak concentration.",Pharmacology,"Paracetamol overdose,Delayed absorption,Pharmacology,2020 MS",
38,Which cytokine is particularly implicated in recurrent fever syndromes such as familial Mediterranean fever?,Interferon gamma,Interleukin 1,Tumour necrosis factor,Interleukin 17,,,,,2,Familial Mediterranean fever and several other autoinflammatory syndromes are driven by excess interleukin 1 signalling and respond to IL-1 blockade. Treatment could therefore include Anakinra,Immunology,"Familial Mediterranean fever,IL-1,Autoinflammatory,Immunology,2020 MS",
39,What is the most common mechanism for angioedema with the use of neprilysin inhibitors after changing from ACE inhibitors?,Substance P,Bradykinin,Leukotriene D2,Prostaglandin E2,,,,,2,"Both ACE inhibitors and neprilysin inhibitors reduce bradykinin breakdown, so overlap or inadequate washout can lead to accumulation of bradykinin and angioedema. Hence the 72hr washout when switching from ACEi to Entresto",Cardiology,"Neprilysin inhibitor,ACE inhibitor,Bradykinin,Angioedema,Cardiology,2020 MS",
40,What is the main mechanism for paracetamol toxicity in overdose?,Cytochrome P450 inhibition,Disruption of oxidative phosphorylation,Induction of glucuronidation,Relative glutathione deficiency,,,,,4,"In overdose, excess paracetamol is shunted through cytochrome P450 pathways to form the toxic metabolite NAPQI. When hepatic glutathione is depleted, NAPQI binds to cellular proteins and causes hepatocellular necrosis.",Pharmacology,"Paracetamol toxicity,NAPQI,Glutathione,Pharmacology,2020 MS",
41,"In elderly people, serum creatinine may not adequately reflect renal function. What is the main reason?",Increase in comorbidities,Decrease in renal mass,Diet,Reduced muscle mass,,,,,4,"Older adults have reduced skeletal muscle mass which lowers creatinine production. Serum creatinine may appear normal despite reduced GFR, so eGFR is essential.",Renal,"Creatinine,Low muscle mass,Renal,2020 MS",
42,Which antibiotic is used for Pneumocystis jirovecii prophylaxis?,Bactrim,Pentamidine,Ciprofloxacin,Augmentin,,,,,1,Trimethoprim sulfamethoxazole (Bactrim) is first line for Pneumocystis jirovecii prophylaxis in immunocompromised patients.,Infectious diseases,"Pneumocystis,Bactrim,ID,2020 MS",
43,What is the main benefit of TAF over TDF in HIV management?,Elimination of nephrotoxicity,Blocks CCR5 receptor,Improved efficacy as PrEP,Limited drug resistance,,,,,1,"Tenofovir alafenamide (TAF) achieves high intracellular levels with lower plasma concentrations, reducing renal and bone toxicity compared to TDF.",Infectious diseases,"TAF,TDF,HIV,ID,2020 MS",
44,What is the mechanism of action of beta lactamase?,Hydrolyses the beta lactam ring,Disrupts DNA synthesis,Disrupts RNA signalling,Alters penicillin binding proteins,,,,,1,"Beta lactamases hydrolyse the beta lactam ring of penicillins and related antibiotics, rendering them inactive.",Infectious diseases,"Beta lactamase,Antibiotic resistance,ID,2020 MS",
45,What is the bioavailability of a drug with oral 100 mg AUC 50 and IV 10 mg AUC 5?,25 percent,50 percent,75 percent,100 percent,,,,,4,"Bioavailability is AUC oral divided by AUC IV multiplied by dose IV over dose oral. Here 50/5 multiplied by 10/100 equals 1, so bioavailability is 100 percent.",Pharmacology,"Bioavailability,AUC,Pharmacology,2020 MS",
46,Which vitamin deficiency can occur with long term metformin use?,Vitamin B12,Vitamin B6,Vitamin C,Vitamin D,,,,,1,Metformin interferes with B12 absorption in the terminal ileum. Long term treatment increases the risk of B12 deficiency and neuropathy.,Endocrine,"Metformin,B12 deficiency,Endocrine,2020 MS",
47,What is the reason for giving calcium chloride in severe hyperkalaemia?,Counteracts membrane effects of potassium,Increases acid excretion,Corrects metabolic acidosis,Drives potassium into cells,,,,,1,Calcium chloride stabilises cardiac membranes and reduces arrhythmia risk but does not alter serum potassium.,Cardiology,"Hyperkalaemia,Calcium chloride,Cardiology,2020 MS",
48,"If there is a defect in VDJ rearrangement, which cells will be absent?",B cells only,B and T cells,B T and NK cells,T cells only,,,,,2,VDJ recombination is essential for antigen receptor formation in both B and T cells. NK cells do not rely on this process.,Immunology,"VDJ,B cells,T cells,Immunology,2020 MS",
49,Which pathway is inhibited to reduce splenomegaly in primary myelofibrosis?,JAK1 2,BRAF MEK,RAS MAPK,GCS F,,,,,1,"Ruxolitinib inhibits JAK1 and JAK2, reducing cytokine driven splenic enlargement and improving symptoms.",Haematology,"Myelofibrosis,JAK inhibitor,Haem,2020 MS",
50,What is the mechanism of liver damage in alpha 1 antitrypsin deficiency?,Increased protease activity,Elastase overactivation,Protein accumulation in hepatocytes,Oxidative stress,,,,,3,Mutant alpha 1 antitrypsin accumulates inside hepatocytes causing cellular injury and fibrosis.,Gastroenterology,"A1AT,Liver injury,Protein accumulation,Liver,Hepatology,2020 MS",
51,What is the mechanism causing hypokalaemia with frusemide?,Inhibits potassium hydrogen transporter in proximal tubule,Inhibits sodium potassium channel in distal convoluted tubule,Inhibits sodium potassium chloride channel in thick ascending loop,Inhibits sodium hydrogen symporter in thin descending loop,,,,,3,Loop diuretics block the NKCC2 transporter in the thick ascending limb. Increased sodium delivery distally increases potassium secretion causing hypokalaemia.,Renal,"Frusemide,Hypokalaemia,NKCC2,Renal,2020 MS",
52,Which amyloid cardiomyopathy has the worst prognosis if untreated?,AL,AA,Transthyretin,Abeta,,,,,1,AL amyloidosis progresses rapidly with severe cardiac involvement and the poorest natural prognosis.,Cardiology,"Amyloid,AL,Cardiology,2020 MS",
53,"In acute HIV 1 infection, which coreceptor does the virus commonly bind apart from CD4?",CCR5,CXCR4,CD3,CTLA4,,,,,1,Most early HIV 1 strains are CCR5 tropic and use the CCR5 coreceptor to enter host cells. CCR5 is expressed on macrophages which are more involved in early infection.,Infectious diseases,"HIV,CCR5,ID,2020 MS",
54,Major changes in pulsatility of which hormone initiate puberty?,GnRH,Inhibin,Oxytocin,DHEA,,,,,1,"Increased pulsatile secretion of GnRH triggers LH and FSH release, initiating puberty.",Endocrine,"Puberty,GnRH,Endocrine,2020 MS",
55,What is the best way to prevent BK virus nephropathy in early renal transplant?,Reduce mycophenolate and tacrolimus dose,Add adefovir,Add acyclovir,Monitor BK PCR,,,,,1,"Reducing immunosuppression, especially mycophenolate and tacrolimus, is the primary way to prevent BK nephropathy.",Renal,"BK virus,Transplant,Immunosuppression,Renal,2020 MS",
56,What mechanism explains orthodeoxia in hepatopulmonary syndrome?,Left heart preload,Pulmonary capillary dilatation,Increased intra abdominal pressure,Increased cardiac output,,,,,2,"Dilated pulmonary vessels cause excessive shunting when upright, lowering oxygen saturation.",Respiratory,"Orthodeoxia,HPS,Respiratory,2020 MS",
57,Which technique is most likely to detect secondary medically significant abnormalities?,Array CGH,FISH,Whole genome sequencing,Sanger sequencing,,,,,3,Whole genome sequencing captures coding and non coding regions and identifies incidental genetic findings at the highest rate.,Genetics,"WGS,Incidental findings,Genetics,2020 MS",
58,What explains how somatic cancer gene rearrangements give rise to malignancy?,Gene fusion,Gene translocation,Missense mutation,Nonsense mutation,,,,,1,"Oncogenic gene fusions create abnormal proteins with uncontrolled signalling, driving malignant transformation.",Genetics,"Gene fusion,Oncogenesis,Genetics,2020 MS",
59,What proportion of HLA B27 positive people have ankylosing spondylitis?,5 percent,25 percent,50 percent,90 percent,,,,,1,"Only about 5 percent of HLA B27 positive individuals develop ankylosing spondylitis, indicating additional triggers are required.",Rheumatology,"HLA B27,Ankylosing spondylitis,Rheum,2020 MS",
60,What method is used to reduce the risk of graft versus host disease in patients receiving a blood transfusion?,Irradiation,Leukodepletion,Haemodilution,ATG,,,,,1,"Irradiation of cellular blood products inactivates donor lymphocytes and prevents transfusion associated graft versus host disease, particularly in immunocompromised or HLA matched recipients.",Haematology,"Transfusion,Graft versus host disease,Irradiated blood,Haem,2020 MS",
61,Which ECG finding is a minor criterion for acute rheumatic fever?,Prolongation of the PR interval,Wide QRS interval,Tachycardia,QT prolongation,,,,,1,First degree heart block with PR interval prolongation is a minor Jones criterion for acute rheumatic fever; tachycardia is non specific and QRS or QT changes are not Jones criteria.,Cardiology,"Rheumatic fever,PR prolongation,Jones criteria,Cardio,2020 MS",
62,Which of the following is known as the universal plasma donor?,O,AB,A,B,,,,,2,"AB plasma lacks anti A and anti B antibodies and can therefore be given to recipients of any ABO group, making AB the universal plasma donor type.",Haematology,"Plasma transfusion,AB universal donor,Haem,2020 MS",
63,What is the term for when someone has the desire and physical ability to perform a task but is unable to carry it out on command?,Abulia,Agnosia,Alexia,Apraxia,,,,,4,"Apraxia is the inability to perform learned purposeful movements despite preserved comprehension, strength and coordination; it reflects a disorder of motor planning rather than motivation or primary motor deficit.",Neurology,"Apraxia,Neurocognition,Neurology,2020 MS",
64,"If there is a deficiency of terminal complement proteins, what is the impact on the complement pathways?","Classic reduced, alternate reduced","Classic unchanged, alternate unchanged","Classic reduced, alternate unchanged","Classic unchanged, alternate reduced",,,,,1,Both the classical and alternative pathways converge on C3 and then the terminal components (C5 to C9). Deficiency of terminal complement impairs formation of the membrane attack complex for both pathways.,Immunology,"Complement,Terminal components,MAC,Immunology,2020 MS",
65,There are multiple hallmarks of cancer. Which hallmark is targeted by immune checkpoint inhibitors?,Replicative immortality,Avoiding immune destruction,Evading growth suppressors,Sustained proliferative signalling,,,,,2,"Checkpoint inhibitors such as anti PD1 and anti CTLA4 antibodies remove inhibitory signals on T cells, restoring immune recognition of tumour cells and counteracting the hallmark of avoiding immune destruction.",Oncology,"Hallmarks of cancer,Checkpoint inhibitor,Immune evasion,Oncology,2020 MS",
66,Select the most appropriate lung function parameter: the volume of air breathed in and out with each normal breath.,Tidal volume,Inspiratory reserve volume,Vital capacity,Functional residual capacity,FEV1,Diffusion capacity,Residual volume,Total lung capacity,1,"Tidal volume is the small volume of air moved in and out of the lungs during quiet breathing, typically about 500 millilitres in an adult.",Respiratory ,"Lung volumes,Tidal volume,Respiratory physiology,Resp,2020 MS",
67,Select the most appropriate lung function parameter: the volume exhaled with maximal expiration after taking a maximal inspiration.,Tidal volume,Inspiratory reserve volume,Vital capacity,Functional residual capacity,FEV1,Diffusion capacity,Residual volume,Total lung capacity,3,"Vital capacity is the maximum volume exhaled after a maximal inspiration and reflects the sum of inspiratory reserve volume, tidal volume and expiratory reserve volume.",Respiratory ,"Lung volumes,Vital capacity,Respiratory physiology,Resp,2020 MS",
68,Which cognitive test from the list best assesses working memory?,Sentence repetition,Cube drawing,Naming three objects,Trail making,Months of the year backwards,Design fluency,Digit span forward,Sentence writing,5,"Reciting the months of the year backwards requires holding and manipulating a well learned sequence, engaging attention and online manipulation, and is commonly used as a bedside working memory task.",Neurology,"Working memory,Months backwards,Cognitive testing,Neurology,2020 MS",
69,Which cognitive test from the list best assesses visual attention and task switching?,Sentence repetition,Cube drawing,Naming three objects,Trail making,Months of the year backwards,Design fluency,Digit span forward,Sentence writing,4,"The trail making test, particularly part B, assesses visual attention, psychomotor speed and the ability to switch between tasks, making it a classic test of set shifting and executive function.",Neurology,"Trail making,Executive function,Attention,Neurology,2020 MS",
70,"A 56-year-old man with advanced alcoholic cirrhosis is admitted with an upper gastrointestinal haemorrhage requiring six units of blood. He is later found to have hypoxaemia with PaO2 51 mmHg and PaCO2 30 mmHg on room air, improving to PaO2 560 mmHg on 100 percent oxygen. What is the most likely cause of his arterial hypoxaemia?",Ventilation perfusion mismatch,Intrapulmonary right to left shunt,Impaired oxygen diffusion,Reduced alveolar ventilation,Impaired oxygen carrying capacity of haemoglobin,,,,1,"A large increase in PaO2 when breathing 100 percent oxygen is characteristic of ventilation perfusion mismatch, whereas true right to left shunt shows much less improvement with high inspired oxygen.",Respiratory,"Ventilation-perfusion mismatch,Hepatopulmonary syndrome,Hypoxaemia,ABG interpretation,Respiratory failure,Respiratory,1999 MS",
71,Which one of the following is the most common biochemical association of obesity?,Mutation of the insulin receptor,Reduced serum leptin,Mutation of the beta3 adrenergic receptor,Raised serum C peptide,Raised blood glucose,,,,4,"Obesity is classically associated with insulin resistance and compensatory hyperinsulinaemia, reflected biochemically by raised C peptide levels rather than primary receptor mutations or low leptin.",Endocrine,"Obesity,Insulin resistance,Hyperinsulinaemia,C-peptide,Metabolic syndrome,Endocrine,1999 MS",
72,Which feature of glomerular pathology is least consistent with Wegener granulomatosis?,Focal necrosis,Crescents,IgG deposition,T cell infiltrate,Macrophage infiltrate,,,,3,Wegener granulomatosis causes a pauci immune necrotising crescentic glomerulonephritis with little or no immunoglobulin deposition on immunofluorescence.,Renal,"Wegener granulomatosis,Granulomatosis with polyangiitis,Pauci-immune glomerulonephritis,RPGN,Renal pathology,Renal,1999 MS",
73,In which circumstance is hepatitis C transmission most likely to occur?,Intravenous drug use,Unprotected sexual activity with multiple partners,Vaginal delivery from a seropositive PCR negative mother,Breastfeeding from a seropositive PCR positive mother,"Vaginal delivery from a seropositive, PCR positive mother",,,,1,"The highest risk of hepatitis C transmission is with intravenous drug use and needle sharing; sexual, perinatal and breastfeeding transmission are much less efficient.",Infectious diseases,"Hepatitis C,IV drug use,Blood-borne virus,Viral hepatitis,Transmission risk,Infectious diseases,1999 MS",
74,Which is the most appropriate method for DNA genetic diagnosis of Huntington disease?,RFLP analysis,PCR analysis,Size estimation of a triplet repeat,Southern hybridisation,Identification of gene-specific mutations,,,,3,"Huntington disease is due to CAG triplet repeat expansion in the HTT gene; diagnosis is made by sizing the repeat length, usually by PCR based sizing methods.",Genetics,"Huntington disease,Triplet repeat,CAG expansion,Neurogenetics,Genetic testing,Genetics,1999 MS",
75,Transfusion transmitted infections in Australasia are now most likely to occur following infusion of which blood product?,Red blood cells,Platelets,Factor VIII concentrate,Fresh frozen plasma,anti D immunoglobulin,,,,2,"Platelets are stored at room temperature, which favours organism survival; despite screening, they carry a higher residual risk of transfusion transmitted infection than other products.",Haematology,"Transfusion-transmitted infection,Platelet transfusion,Blood products,Transfusion medicine,Haematology,1999 MS",
76,Which of the following is least likely to be associated with a flare of systemic lupus erythematosus?,Falling level of C3,Falling peripheral blood leucocyte count,Increasing titre of anti double stranded DNA antibodies,Increasing peripheral blood platelet count,Increasing urinary protein level,,,,4,"Active SLE is associated with complement consumption, cytopenias, rising anti dsDNA titres and increasing proteinuria; thrombocytopenia is typical, so a rising platelet count is least consistent with a flare.",Rheumatology,"Systemic lupus erythematosus,SLE flare,Disease activity,Complement,Anti-dsDNA,Rheumatology,1999 MS",
77,Which is the most likely reason for the increasing prevalence of heart failure in the community?,Increasing prevalence of hypertension,Ageing of the population,Improvement in age adjusted prognosis of heart failure,Increasing numbers of older women in the population,Improved survival of patients with coronary heart disease,,,,5,"Better survival after myocardial infarction and other coronary events means more people live long enough to develop chronic left ventricular dysfunction, increasing heart failure prevalence.",Cardiology,"Heart failure epidemiology,Coronary artery disease,Post-MI survival,LV dysfunction,Cardiology,1999 MS",
78,A Streptococcus pneumoniae isolate has high level resistance to penicillin with MIC greater than 2 micrograms per litre. It is most likely to be sensitive to which antibiotic?,Erythromycin,Chloramphenicol,Cefotaxime,Vancomycin,Ciprofloxacin,,,,4,"High level penicillin resistant pneumococci may have reduced susceptibility to many beta lactams, but they remain reliably susceptible to vancomycin.",Infectious diseases,"Streptococcus pneumoniae,Penicillin resistance,Antibiotic choice,Vancomycin,Infectious diseases,1999 MS",
79,"Cytokine regulation, especially involving interleukin 2, is least affected by which immunosuppressive drug?",Prednisolone,Mycophenolate,Cyclosporin,Tacrolimus,Rapamycin,,,,2,Mycophenolate primarily inhibits de novo purine synthesis in lymphocytes; it does not directly inhibit IL2 production or signalling like calcineurin inhibitors or steroids.,Immunology,"Immunosuppression,IL-2,Calcineurin inhibitors,Mycophenolate,T-cell activation,Immunology,1999 MS",
80,"In a bioavailability study, an intravenous dose of 20 mg gives an AUC of 100 mg hour per litre and an oral dose of 50 mg gives an AUC of 200 mg hour per litre. What is the oral bioavailability?",50 percent,60 percent,70 percent,80 percent,90 percent,,,,4,"Bioavailability equals AUC oral divided by AUC IV multiplied by dose IV divided by dose oral. Here 200 100 times 20 50 equals 0 point 8, that is 80 percent.",Pharmacology,"Bioavailability,Pharmacokinetics,AUC,Drug absorption,Oral versus IV,Pharmacology,1999 MS",
81,The antigen to which pANCA most commonly binds in neutrophil azurophilic granules is:,Myeloperoxidase,Tumour necrosis factor alpha,Elastase,Proteinase 3,Cathepsin G,,,,1,Perinuclear ANCA in microscopic polyangiitis and related conditions most commonly targets myeloperoxidase in neutrophil granules.,Immunology,"pANCA,Myeloperoxidase,MPO,Vasculitis,ANCA-associated disease,Immunology,1999 MS",
82,"A 35-year-old man presents with rectal bleeding. He describes the blood as being mixed with the stool. He is otherwise well. His brother was diagnosed with bowel cancer at the age of 38. At colonoscopy he was found to have two exophytic tumours, one at the hepatic flexure, the other in the distal transverse colon. The remainder of the colon was normal. Biopsies of both areas showed adenocarcinoma. The most likely genetic disorder in this family is",Familial adenomatous polyposis coli,Hereditary non polyposis colorectal cancer,Gardner syndrome,Peutz Jeghers syndrome,a p53 gene mutation,,,,2,"Hereditary non polyposis colorectal cancer, or Lynch syndrome, causes early onset proximal colon cancers without the hundreds of adenomas seen in FAP.",Oncology,"Colorectal cancer,HNPCC,Lynch syndrome,Mismatch repair,Hereditary cancer,Oncology,1999 MS",
83,Which best describes the association between insulin resistance and coronary heart disease?,Independent of total cholesterol,Confined to subjects with low HDL cholesterol,Confined to obese individuals,Confined to hypertensive subjects only,Confined to diabetic subjects only,,,,1,Hyperinsulinaemia and insulin resistance predict coronary heart disease independent of total cholesterol and other conventional risk factors.,Endocrine,"Insulin resistance,Hyperinsulinaemia,Metabolic risk,Coronary heart disease,Endocrine,1999 MS",
84,A type 2 helper T lymphocyte differs most from a type 1 helper T lymphocyte in which of the following?,Surface expression of CD4,Surface expression of MHC class II,Production of interleukin 3,Production of interleukin 5,Responsiveness to antigen presented by macrophages,,,,4,"Th2 cells characteristically produce IL5 and IL4, supporting humoral and eosinophilic responses, whereas Th1 cells produce IL2 and interferon gamma.",Immunology,"T helper cells,Th1 Th2 differentiation,IL-5,Eosinophils,Immune regulation,Immunology,1999 MS",
85,Which best describes hepatitis E virus infection?,"Enteric transmission, acute self limiting course, increased mortality in pregnant women","Parenteral transmission, chronic course, mortality due to chronic liver disease","Mode of transmission unknown, chronic course, mortality due to chronic liver disease","Parenteral transmission, acute self limiting course, increased mortality in pregnant women","Mode of transmission unknown, chronic course, does not cause clinically significant illness",,,,1,Hepatitis E is an enterically transmitted acute hepatitis that is usually self limiting but carries high mortality in pregnant women.,Infectious diseases,"Hepatitis E,Enteric transmission,Acute hepatitis,Pregnancy mortality,Viral hepatitis,Infectious diseases,1999 MS",
86,A renal transplant patient develops hyperglycaemia three months after transplantation. Which therapy is least likely to contribute to hyperglycaemia?,Tacrolimus,Prednisolone,Azathioprine,Cyclosporin,Atenolol,,,,3,"Steroids and calcineurin inhibitors such as tacrolimus and cyclosporin impair glucose tolerance, whereas azathioprine is not typically diabetogenic.",Renal,"Renal transplant,Post-transplant diabetes,Calcineurin inhibitors,Steroid-induced hyperglycaemia,Renal,1999 MS",
87,A 56-year-old man with severe emphysema and FEV1 of 0.7 litres is to have lung volume reduction surgery. What is the most likely outcome?,A 50% possibility of a major complication,No change in FEV1,No change in exercise capacity,A 50% increase in FEV1,A 100% increase in exercise capacity,,,,1,"In appropriately selected patients lung volume reduction surgery can produce substantial gains in FEV1, of the order of 20-30%, although with important perioperative risk. It comes with up to a 50% risk of major adverse complications.",Respiratory,"Emphysema,Lung volume reduction surgery,FEV1,Exercise capacity,Respiratory,1999 MS",
88,For which of the following cancers is there least evidence of familial aggregation?,Breast cancer,Germ cell tumours of the testis,Lung cancer,Ovarian cancer,Prostate cancer,,,,3,"Breast, ovarian, prostate and testicular germ cell tumours all show clear familial clustering; lung cancer is more strongly linked to shared environmental risk such as smoking.",Oncology,"Familial cancer risk,Breast cancer,Ovarian cancer,Lung cancer,Environmental risk,Oncology,1999 MS",
89,"In managing osteoporosis with alendronate, which property most influences the method of administration?",Long half life in bone,Potential renal toxicity,Rapid clearance from plasma,Propensity to complex with mineral cations,Potential to casue diarrhoea,,,,4,"Oral bisphosphonates such as alendronate bind strongly to calcium and other cations, so they must be taken fasting with plain water and separated from food or supplements to allow absorption.",Endocrine,"Alendronate,Bisphosphonates,Drug absorption,GI administration,Osteoporosis,Endocrine,1999 MS",
90,"In a 25 year old female with atopic dermatitis, what is the most likely finding? ",Skin prick test positive to house dust mites ,Rash in the flexor surfaces of elbows and knees ,Skin Biopsy with eosinophils present ,RAST ,Serum IgE > 4000 ,Photosensitivity ,,,2,"Atopic dermatitis in adults classically presents with a chronic pruritic eczematous rash affecting flexural areas such as the antecubital and popliteal fossae; while elevated IgE and positive allergen tests can occur, they are not universal or required for diagnosis, and features like photosensitivity are not typical.",Immunology,"Atopic dermatitis,Eczema,Flexural rash,Antecubital fossa,Popliteal fossa,Pruritus,Atopy,Dermatology,Adult eczema,2010 MS",
91,"In the immune system, what is the role of Toll Like receptors? ",Innate Immune system ,Activation of neutrophils ,Activation of Treg cells ,Activation of the membrane attack complex ,Activation of B-cells ,,,,1,Toll like receptors are pattern recognition receptors of the innate immune system that detect pathogen associated molecular patterns and initiate early immune responses.,Immunology,"TLR,Innate immunity,Pattern recognition receptors,PAMPs,Immune activation,2010 MS",
92,Which of the following vaccinations is relatively contraindicated in immunocompromised patient? ,HPV ,Influenzae ,Pneumococcal polysaccharide ,Tetanus toxoid ,VZV vaccination ,,,,5,Live attenuated vaccines such as VZV are relatively contraindicated in immunocompromised patients due to risk of disseminated infection.,Immunology,"Vaccination,Immunocompromised,Live vaccines,VZV,Contraindication,2010 MS",
93,A patient with IgA deficiency serum IgA undetectable is undergoing planning for a liver transplant. Which of the following is the major postoperative factor to consider during his perioperative management? ,Antibiotic administration ,Blood transfusion anti IgA antibodies can cause anaphylaxis ,Hepatobiliary anastomotic stricture ,Immunosuppression ,Post operative ventilation ,,,,2,Patients with IgA deficiency may develop anti IgA antibodies and can have anaphylaxis with blood transfusion.,Immunology,"IgA deficiency,Blood transfusion,Anaphylaxis,Anti IgA antibodies,Transplant,2010 CA",
94,What is the most common phenotype in someone who has IgG subclass deficiency? ,Autoimmune disease ,Atopy ,Normal phenotype ,Chronic gastrointestinal infections ,Recurrent sinopulmonary infections ,,,,5,IgG subclass deficiency most commonly presents with recurrent sinopulmonary infections due to impaired response to encapsulated organisms.,Immunology,"IgG subclass deficiency,Sinopulmonary infections,Humoral immunity,Encapsulated organisms,2010 CA",
95,A 35 year old man with Streptococcus pyogenes cellulitis of the right foot and a distant history of penicillin allergy unclear reaction as a child. What is the best method to test for allergy status in this man? ,In vitro IgE for penicillin RAST ,In vitro total IgE ,Graded oral flucloxacillin challenge ,Skin prick and intradermal testing for penicillin ,Skin prick and intradermal testing for cephazolin ,,,,4,Skin prick and intradermal testing is the best validated method to assess penicillin allergy risk.,Immunology,"Penicillin allergy,Skin testing,Drug allergy,Intradermal test,RAST,2010 CA",
96,HLA B5701 testing is now performed in HIV clinics. Which one of the following reactions does it screen for? ,Efavirenz CNS symptoms ,Abacavir Rash Hypersensitivity reaction ,Bactrim Rash ,Tenofovir renal impairment ,Adefovir lactic acidosis ,,,,2,HLA B5701 predicts risk of abacavir hypersensitivity reaction which can be severe and life threatening.,Infectious Diseases,"HLA B5701,Abacavir,Hypersensitivity,HIV,Pharmacogenomics,2010 CA",
97,Which of the following best describes the method by which NK cells kill virally infected cells? ,Complement activation ,Activation of virus specific B cells ,Lysis of cells that have reduced MHC expression ,Direct binding to highly conserved virus structures ,Opsonisation of virus particles ,,,,3,NK cells recognise reduced MHC class I expression and induce apoptosis via perforin and granzyme.,Immunology,"NK cells,MHC class I,Perforin,Granzyme,Innate immunity,2011 MS",
98,A young adult presents with recurrent mild meningococcal infections. What is the likely primary immunodeficiency? ,CD4 ,CD8 ,Neutrophil ,Total haemolytic complement level CH50 ,Immunoglobulins ,,,,4,Recurrent Neisseria infections suggest terminal complement deficiency screened with reduced CH50.,Immunology,"Complement deficiency,Neisseria,CH50,MAC,Recurrent infection,2011 MS",
99,Anaphylaxis is initiated by: ,Allergen induced production of IgE by B cells ,Binding of allergen to IgE receptors on mast cells ,Recruitment of basophils and eosinophils by IL 13 ,Release of leukotrienes and cytokines by mast cells ,Spontaneous release of preformed histamine and tryptase granules from mast cells ,,,,2,Anaphylaxis is triggered by allergen cross linking IgE on mast cells leading to degranulation.,Immunology,"Anaphylaxis,IgE,Mast cells,Hypersensitivity,Type I reaction,2011 MS",
100,Common Variable Immunodeficiency CVID is the most common primary immunodeficiency in adults. The pathogenesis of this condition is best explained by: ,Absence of T and B co stimulatory signals ,Absence of neutrophil respiratory burst ,Dysfunction in T cell signalling and activation ,Disorder of B Cell maturation ,Absent or reduced B Cell function ,,,,4,CVID is due to failure of B cells to mature into plasma cells resulting in impaired immunoglobulin production.,Immunology,"CVID,B cell maturation,Immunodeficiency,Plasma cells,Antibody deficiency,2011 MS",
101,A 54 year old man with a history of HIV AIDS presents with focal left hand motor seizures. A CT brain shows a 3cm enhancing lesion in the right frontal lobe. What is the most likely cause? ,Glioma ,Meningioma ,Primary cerebral lymphoma ,Secondary cerebral lymphoma ,Secondary Kaposi sarcoma ,,,,3,In advanced HIV a solitary enhancing brain lesion is most consistent with primary CNS lymphoma often EBV associated.,Infectious Diseases,"HIV,CNS lymphoma,EBV,Brain lesion,Seizures,2011 CA",
102,A 34 year old man presents with recurrent sinusitis and bronchitis with previous lobar pneumonias and low IgG and IgA with normal B cell count. What is the most likely diagnosis? ,CVID ,HIV ,IgG subclass deficiency ,Selective IgA deficiency ,SCID ,,,,1,Low IgG and IgA with normal B cells and recurrent infections indicates CVID due to impaired B cell maturation.,Immunology,"CVID,Immunodeficiency,IgG,IgA,Recurrent infections,B cell dysfunction,2011 CA",
103,A nurse sustains a needlestick injury from a patient with HIV and high viral load poorly compliant with therapy. What is the appropriate advice for post exposure prophylaxis? ,Await HIV genotype before starting treatment ,Enrol in experimental prophylaxis program ,Give antiretrovirals the patient has never been exposed to ,Prescribe same antiretrovirals as patient ,Reassure no further action needed ,,,,3,PEP should use drugs the source patient has not been exposed to to avoid resistance.,Infectious Diseases,"HIV,Needlestick,PEP,Antiretrovirals,Resistance,2011 CA",
104,A 26 year old woman has had 2 previous miscarriages. Which antibody is associated with the highest future risk of miscarriages? ,Anti cardiolipin ,Anti Ro ,ANA ,Anti LA ,Anti Sm ,Anti histone ,,,1,Anticardiolipin antibodies are part of antiphospholipid syndrome causing recurrent miscarriage via placental thrombosis.,Immunology,"Antiphospholipid syndrome,Anticardiolipin,Recurrent miscarriage,Thrombosis,Autoimmune,2011 CA",
105,Absence of B cells is characteristic of which primary disorder? ,Chronic granulomatous disease CGD ,Common variable immunodeficiency CVID ,Di George Syndrome ,X linked agammaglobulinaemia XLA ,X linked lymphoproliferative disease XLP ,,,,4,XLA causes failure of B cell maturation due to BTK mutation leading to absent peripheral B cells and low immunoglobulins.,Immunology,"XLA,BTK,B cell deficiency,Agammaglobulinaemia,Primary immunodeficiency,2012 MS",
106,What is the role of the HLA human leukocyte antigen or MHC major histocompatibility complex in the immune response? ,Presentation of antigens to T cells ,Co stimulation between T and B cells ,Production of cytokines ,Production of pathogenic autoantibodies ,Stimulation of natural killer NK cells ,,,,1,MHC molecules present antigen peptides to T cells enabling adaptive immune activation.,Immunology,"MHC,HLA,Antigen presentation,T cells,Adaptive immunity,2012 MS",
107,You suspect a patient has a T cell immunodeficiency. Which recurrent infections would support this suspicion? ,Candida glabrata oesophagitis ,Gardnerella vaginalis vulvovaginitis ,Neisseria meningitidis meningitis ,Staphylococcus aureus furunculosis ,Streptococcus pneumoniae pneumonia ,,,,1,T cell deficiency predisposes to opportunistic fungal infections such as Candida oesophagitis.,Immunology,"T cell deficiency,Candida,Opportunistic infection,Cell mediated immunity,Fungal infection,2012 MS",
108,This is a picture of a woman with Stevens Johnson Syndrome Toxic Epidermal Necrolysis. Which of the following is the most likely cause of this condition? ,Amoxycillin ,Erythromycin ,Lamotrigine ,Levetiracetam ,Trimethoprim ,,,,3,SJS TEN is most strongly associated with antiepileptics such as lamotrigine.,Immunology,"SJS,TEN,Lamotrigine,Drug reaction,Hypersensitivity,2012 CA",images/q0004.png
109,45 year old male ex IVDU stable on methadone with HIV recently started on a protease inhibitor presents with anxiety abdominal cramps nausea vomiting diarrhoea sweating and hypertension. What is the most appropriate course of action? ,Cease the protease inhibitor ,Increase the dose of methadone ,Investigate for opportunistic infection ,Prescribe an anxiolytic such as diazepam ,Reassure this is expected side effect ,,,,2,Protease inhibitors increase methadone metabolism causing opioid withdrawal requiring dose increase.,Infectious Diseases,"Methadone,HIV,Protease inhibitor,Drug interaction,Opioid withdrawal,2012 CA",
110,A 20 year old male presents with erythematous rash arthralgia fever weight loss abdominal pain and leukocytoclastic vasculitis on biopsy. What is the expected finding on deep dermal immunofluorescence? ,Complement C3 ,Fibrinogen ,IgA ,IgG ,IgM ,,,,3,IgA vasculitis shows IgA deposition in vessel walls on immunofluorescence.,Rheumatology,"IgA vasculitis,Henoch Schonlein purpura,Leukocytoclastic vasculitis,IgA,Immune complexes,2012 CA",images/q0005.png
111,The most important event in complement dependent cytotoxicity is: ,Fc receptor binding to membrane bound antigens ,Something about membrane lipid rafts ,Fas Fas ligand induced apoptosis ,Formation of membrane attack complex ,Perforin mediated cytolysis ,,,,4,Complement dependent cytotoxicity results in formation of the membrane attack complex causing cell lysis.,Immunology,"Complement,MAC,Cytotoxicity,Immune response,C5b-9,2013 MS",
112,What test is most likely to confirm a primary immunodeficiency in a 25 year old female? ,B cell level ,T cell level ,Complement CH50 assay ,IgG level ,IgM level ,,,,4,Serum IgG measurement is the most useful initial test for adult primary immunodeficiency especially CVID.,Immunology,"Primary immunodeficiency,IgG,CVID,Screening,Humoral immunity,2013 MS",
113,What is the key cell type involved in graft versus host disease in an allogenic cord stem cell transplant? ,B cells ,NK cells ,Dendritic cells ,T cells ,,,,,4,GVHD is mediated by donor T cells recognising recipient tissues as foreign.,Immunology,"GVHD,T cells,Transplant,Allogenic,Immune response,2013 MS",
114,You suspect a patient has a T cell immunodeficiency. Which recurrent infections would support this suspicion? ,Candida glabrata oesophagitis ,Gardnerella vaginalis vulvovaginitis ,Neisseria meningitidis meningitis ,Staphylococcus aureus furunculosis ,Streptococcus pneumoniae pneumonia ,,,,1,T cell deficiency predisposes to opportunistic fungal infections such as Candida oesophagitis.,Immunology,"T cell deficiency,Candida,Opportunistic infection,Fungal,Cell mediated immunity,2013 MS",
115,A middle aged patient presents with headache lethargy lymphadenopathy and a purpuric rash on his feet with cryoglobulins and an IgM paraprotein. What is the most likely diagnosis? ,Hepatitis C infection ,Rheumatoid arthritis ,Sjogren syndrome ,Waldenstrom macroglobulinaemia ,Systemic lupus erythematosus ,,,,4,Type I cryoglobulinaemia with monoclonal IgM is classically associated with Waldenstrom macroglobulinaemia.,Haematology,"Cryoglobulinaemia,IgM,Waldenstrom,Hyperviscosity,Lymphoproliferative,2013 CA",images/q0006.png
116,A 43 year old woman presents with proximal muscle weakness anti Jo 1 positive ANA positive CK 2000 ESR 60 EMG myopathic changes. What is the worst prognostic feature? ,Dysphagia ,Rash ,CK greater than 2000 ,Interstitial lung disease ,Raynaud phenomenon ,,,,4,Interstitial lung disease is the major cause of morbidity and mortality in antisynthetase syndrome.,Rheumatology,"Antisynthetase,Anti Jo 1,Myositis,ILD,Prognosis,2013 CA",
117,A patient with newly diagnosed partial epilepsy started on carbamazepine develops a maculopapular rash after 2 weeks. What is the predominant cell type involved? ,T cells ,IgG ,Complement ,IgE ,B cells ,,,,1,This is a type IV delayed hypersensitivity reaction mediated by T cells.,Immunology,"Type IV hypersensitivity,T cells,Drug rash,Carbamazepine,Delayed reaction,2013 CA",
118,What is the greatest predictor of future thrombosis in patients with antiphospholipid syndrome? ,Annexin A5 antibody ,Anticardiolipin antibody ,Lupus anticoagulant ,Beta 2 glycoprotein 1 antibody ,Anti thrombin antibody ,,,,3,Lupus anticoagulant is the strongest predictor of thrombosis risk in antiphospholipid syndrome.,Rheumatology,"APS,Lupus anticoagulant,Thrombosis,Autoimmune,Hypercoagulable,2013 CA",
119,A 23 year old woman presents with fatigue weight loss and symmetrical small joint swelling. Which is the best test to establish the diagnosis? ,Rheumatoid factor RF ,Anti CCP antibodies ,ESR ,CRP ,ANA ,Hand X ray ,Serum uric acid ,Creatine kinase CK ,2,"Anti-CCP antibodies are ~95 to 98% specific for Rheumatoid arthritis and can be positive early, even before radiographic changes. They also predict a more aggressive, erosive disease course.",Rheumatology,"Rheumatoid arthritis,Anti CCP,Diagnosis,Autoimmune,Small joints,2013 CA",
120,What is the gold standard test for diagnosis of food allergy? ,RAST IgE ,Skin prick test ,Food challenge ,IgE level ,Eosinophils ,,,,3,Oral food challenge is the gold standard for diagnosing food allergy.,Immunology,"Food allergy,Oral challenge,Gold standard,IgE,Allergy testing,2013 CA",
121,A 20 year old male presents with rash arthralgia abdominal pain and leukocytoclastic vasculitis. What is the expected finding on deep dermal immunofluorescence? ,Complement C3 ,Fibrinogen ,IgA ,IgG ,IgM ,,,,3,IgA vasculitis shows IgA deposition in vessel walls on immunofluorescence.,Rheumatology,"IgA vasculitis,Henoch Schonlein purpura,IgA,Leukocytoclastic vasculitis,Immune complexes,2013 CA",images/q0005.png
122,"A 20 year old young woman has recurrent facial swelling shown below. Which of the following is the most sensitive test for her condition? ",C4 level ,Tryptase ,Histamine ,IgE ,Eosinophils ,,,,1,"Low C4 is the most sensitive screening test for hereditary angioedema due to C1 esterase inhibitor deficiency.",Immunology,"Hereditary angioedema,C4,C1 esterase inhibitor,Angioedema,Complement,2014 MS",images/q0007.png
123,"Delay in the time to giving which of the following intervention worsens prognosis for anaphylaxis: ",Adrenaline ,Bronchodilators ,Corticosteroids ,Anti histamines ,IV fluids ,,,,1,"Early intramuscular adrenaline is the most important intervention in anaphylaxis and delays worsen outcomes.",Immunology,"Anaphylaxis,Adrenaline,Emergency,Management,Hypersensitivity,2014 MS",
124,"Complete absence of B lymphocytes is seen in which condition? ",Chronic granulomatous disease ,X linked agammaglobulinaemia ,Di George syndrome ,Common variable immunodeficiency ,X linked lymphoproliferative disease ,,,,2,"X linked agammaglobulinaemia causes failure of B cell maturation leading to absent peripheral B lymphocytes.",Immunology,"XLA,BTK,B cells,Agammaglobulinaemia,Primary immunodeficiency,2014 MS",
125,"A 25 year old woman presents with recurrent sinopulmonary infections. A deficiency of which of the following suggests a primary immunodeficiency? ",B cells ,T cells ,IgG ,IgM ,Ch50 complement level ,,,,3,"IgG deficiency is the key marker of humoral immunodeficiency causing recurrent sinopulmonary infections.",Immunology,"IgG,Primary immunodeficiency,Sinopulmonary infections,Humoral immunity,CVID,2014 MS",
126,"In kidney or other solid organ transplant, what confers the greatest risk of CMV post transplant? ",Past CMV infection ,Continued immune suppression with tacrolimus ,Methylprednisone pulse for acute rejection ,CMV +ve organ donor and CMV naive recipient ,ATG for acute rejection ,,,,4,"Greatest CMV risk is donor positive recipient negative causing primary infection in immunosuppressed host.",Infectious Diseases,"CMV,Transplant,D positive R negative,Immunosuppression,Infection risk,2014 MS",
127,"In patients with primary common variable immunodeficiency syndrome, which of the following malignancies is most common when compared to the general population? ",Non melanotic skin cancer ,Breast cancer ,Non Hodgkin lymphoma ,Acute myeloid leukemia ,Multiple myeloma ,,,,3,"CVID is associated with increased risk of lymphoproliferative disorders especially non Hodgkin lymphoma.",Immunology,"CVID,Lymphoma,Malignancy,Immunodeficiency,B cell proliferation,2014 CA",
128,"What side effect must a patient about to start carbamazepine be warned about? ",Agranulocytosis ,Hepatotoxicity ,Syncope ,Severe skin reactions ,Psychosis ,,,,4,"Carbamazepine is associated with severe skin reactions such as Stevens Johnson syndrome and TEN.",Immunology,"Carbamazepine,SJS,TEN,Drug reaction,Hypersensitivity,2014 CA",
129,"A 28 year old man has a 10 year history of recurrent respiratory infections. His CT chest is shown below. Blood tests are as follows Hb Normal WCC Normal Platelets Normal Lymphocytes Normal Neutrophils Normal IgG Decreased IgM Decreased IgA Decreased Normal T cell subsets Normal CD 19 count What is the most likely diagnosis? ",Common variable immunodeficiency ,Cystic fibrosis ,HIV ,Severe congenital immunodeficiency ,X linked agammaglobulinaemia ,,,,1,"Low IgG IgA and IgM with normal B cells and T cells indicates CVID.",Immunology,"CVID,Hypogammaglobulinaemia,Recurrent infections,B cells,Humoral deficiency,2014 CA",images/q0008.png
130,"The pathogenesis of periodic fever syndrome is thought to primarily involve? ",Natural killer cells ,Cytokines ,Inflammasomes ,Eosinophils ,Neutrophils ,,,,3,"Periodic fever syndromes are driven by inflammasome activation leading to IL 1 mediated inflammation.",Immunology,"Inflammasome,Periodic fever,Autoinflammatory,IL1,Innate immunity,2014 CA",
131,"In contact dermatitis, which cell type is most responsible for the formation of wheal and oedema? ",B cells ,T cells ,Eosinophils ,Mast cells ,Neutrophils ,,,,4,"Wheal and oedema are due to mast cell degranulation releasing histamine causing increased vascular permeability.",Immunology,"Contact dermatitis,Mast cells,Histamine,Wheal,Type IV hypersensitivity,2015 MS",
132,"What is the most common manifestation of secondary immunodeficiency caused by chronic systemic steroid use? ",Bacterial bronchopneumonia ,Folliculitis ,Herpes zoster ,Oral candidiasis ,Viral meningitis ,,,,1,"Chronic steroid use most commonly predisposes to bacterial infections particularly bronchopneumonia.",Immunology,"Steroids,Immunosuppression,Bacterial infection,Bronchopneumonia,Secondary immunodeficiency,2015 MS",
133,"Subcutaneous and sublingual desensitisation immunotherapy is fast becoming widely accepted as effective treatment for aeroallergen desensitisation. Absolute numbers of which of the following cells is most likely to increase with immunotherapy? ",Eosinophils ,Macrophages ,Th1 helper T lymphocytes ,Regulatory Treg lymphocytes ,Natural killer NK lymphocytes ,,,,4,"Immunotherapy increases regulatory T cells which suppress allergic Th2 responses and promote tolerance.",Immunology,"Immunotherapy,Treg,Allergy,Desensitisation,Immune tolerance,2015 MS",
134,"Young boy presents with recurrent sinopulmonary infection and two episodes of bronchial pneumonia. Bloods show low IgG low IgA normal IgE. What is the most likely diagnosis? ",Common variable immunodeficiency ,X linked agammaglobulinaemia ,Severe combined immunodeficiency ,Leucocyte adhesion deficiency ,Chronic granulomatous disease ,,,,1,"Low IgG and IgA with recurrent infections suggests CVID with impaired antibody production.",Immunology,"CVID,Hypogammaglobulinaemia,Recurrent infections,Humoral deficiency,Paediatric,2015 CA",
135,"Acquired angioedema secondary to autoimmune disease is caused by decreased inhibition in which part of the complement cascade? ",Mannose binding lectin ,Classical pathway ,Alternative pathway ,Factor H ,Terminal membrane attack complex ,,,,2,"C1 esterase inhibitor deficiency leads to loss of inhibition of the classical complement pathway.",Immunology,"Angioedema,C1 inhibitor,Complement,Classical pathway,Bradykinin,2015 CA",
136,"33 year old man presents with hypotension hypoxia rash after bee sting. After resuscitation what is the most appropriate management? ",Antihistamines H1 H2 ,Nil further management ,Adrenaline autoinjector ,Desensitisation ,Avoid gardening ,,,,3,"After anaphylaxis patients require adrenaline autoinjector for future episodes and education.",Immunology,"Anaphylaxis,Bee sting,Adrenaline,Autoinjector,Allergy,2015 CA",
137,"A 50 year old man with HIV CD4 545 presents with fever lymphadenopathy and palmar rash. What is the diagnosis? ",CMV ,HSV ,Toxoplasmosis ,Syphilis ,EBV ,,,,4,"Palmar rash with systemic symptoms is characteristic of secondary syphilis.",Infectious Diseases,"Syphilis,Secondary syphilis,Palmar rash,HIV,Infection,2015 CA",
138,"Which aspect compared with the humoral immune system is a cardinal feature of the innate immune system? ",Diversity ,Memory ,Specificity ,Inflammation ,Self tolerance ,,,,4,"Innate immunity is characterised by rapid non specific responses dominated by inflammation.",Immunology,"Innate immunity,Inflammation,Non specific,Immune system,2016 MS",
139,"Which of the following is a critical step in central T cell tolerance? ",Antigen presentation ,Negative selection ,Apoptosis ,Costimulation ,Receptor editing ,,,,2,"Central T cell tolerance is mediated by negative selection removing self reactive T cells in the thymus.",Immunology,"T cell tolerance,Negative selection,Thymus,Autoimmunity,Central tolerance,2016 MS",
140,"Conjugate vaccines attached to a carrier protein and polysaccharide antigen have better efficacy than conjugated vaccine attached to polysaccharide alone. Why? ",Depot ,Better T cell response ,More IgM ,Makes memory B cell ,Antigen transport to lymph nodes ,,,,2,"Protein conjugation enables T cell dependent responses improving class switching and memory.",Immunology,"Vaccines,Conjugate vaccine,T cell dependent,Memory B cells,Immunology,2016 MS",
141,"A 20 year old man suffers from SJS due to amoxicillin. In addition to referral to an immunologist what additional treatment or advice should you offer him? ",Intradermal antigen sensitivity testing ,Skin prick testing ,No further treatment or advice ,Avoid beta lactam antibiotics for life ,Perform desensitisation to amoxicillin ,,,,4,"SJS is a severe type IV hypersensitivity requiring lifelong avoidance of the causative drug and related agents.",Immunology,"SJS,Drug reaction,Type IV hypersensitivity,Amoxicillin,Allergy,2016 CA",
142,"A 52 year old female landscape gardener is stung by a bee and develops anaphylaxis with elevated tryptase. What is the most appropriate treatment for reducing future risk of further episodes? ",Desensitisation to bee venom ,Prophylactic corticosteroids ,Prophylactic antihistamines ,Protective clothing ,Prophylactic montelukast ,,,,1,"Venom immunotherapy is the most effective way to prevent future anaphylaxis after insect sting.",Immunology,"Anaphylaxis,Bee sting,Venom immunotherapy,Desensitisation,Tryptase,2016 CA",
143,"27 year old male with X linked agammaglobulinaemia exposed to chickenpox 2 days ago. What should you do next? ",Varicella serology ,Observe ,Oral acyclovir ,Varicella immunoglobulin ,Vaccination ,,,,4,"XLA patients require passive immunisation with varicella immunoglobulin after exposure.",Immunology,"XLA,Varicella,Immunoglobulin,Exposure,Primary immunodeficiency,2016 CA",
144,"An 18 year old female presents with a third episode of Neisseria bacteraemia. Which deficiency is likely? ",Severe combined immunodeficiency SCID ,Common variable immunodeficiency CVID ,Properdin deficiency ,C3 deficiency ,Membrane attack complex C5 to C9 deficiency ,,,,5,"Recurrent Neisseria infections are classically due to terminal complement deficiency affecting MAC formation.",Immunology,"Complement deficiency,Neisseria,MAC,C5 C9,Recurrent infection,2016 CA",
145,"Patients being commenced on azathioprine now often have TPMT levels tested. Those who are poor metabolisers can have build up of metabolites 6 thioguanine and 6 methylmercaptopurine. This can result in detrimental effects due to: ",CYP450 induction ,Bone marrow suppression ,Rash ,Seizures ,Confusion ,,,,2,"Low TPMT activity leads to accumulation of thioguanine metabolites causing dose dependent bone marrow suppression with cytopenias.",Immunology,"Azathioprine,TPMT,Bone marrow suppression,Thiopurines,Drug toxicity,2017 MS",
146,"What does rheumatoid factor bind to? ",ANCA ,Macrophages ,Fc portion of IgG ,IgM ,Fab portion of IgG ,,,,3,"Rheumatoid factor is typically an IgM autoantibody directed against the Fc portion of IgG forming immune complexes.",Rheumatology,"Rheumatoid factor,IgG Fc,Autoantibody,Immune complexes,Rheumatoid arthritis,2017 MS",
147,"What is the main cell type involved in sarcoid granuloma? ",T cell ,Macrophage ,Neutrophil ,Platelet ,B cell ,,,,2,"Sarcoid granulomas are composed primarily of activated macrophages forming epithelioid cells and giant cells.",Immunology,"Sarcoidosis,Granuloma,Macrophages,Non caseating,Immune response,2017 MS",
148,"Dust mite desensitization works best for allergy that is associated with: ",Dust mite anaphylaxis ,Allergic rhinitis ,Eczema ,Allergic asthma ,Chronic urticaria ,,,,2,"Allergen immunotherapy is most effective for IgE mediated conditions such as allergic rhinitis with clear aeroallergen triggers.",Immunology,"Allergic rhinitis,Immunotherapy,Dust mite,IgE,Desensitisation,2017 MS",
149,"A patient with HIV is on Tenofovir. He is found to have proteinuria and glycosuria on urinalysis. Diagnosis of Tenofovir related Fanconi syndrome would be most consistent with: ",Hypokalaemia ,Hypomagnesaemia ,Hypoglycaemia ,Hypouricaemia ,Hypocalcaemia ,,,,4,"Fanconi syndrome causes proximal tubule dysfunction leading to urinary loss of uric acid glucose phosphate and bicarbonate resulting in hypouricaemia.",Infectious Diseases,"Tenofovir,Fanconi syndrome,Renal tubule,Hypouricaemia,HIV,2017 MS",
150,"What immunoglobulin activates complement the most? ",IgG ,IgA ,IgD ,IgE ,IgM ,,,,5,"IgM is the most potent activator of complement as its pentameric structure efficiently binds C1q.",Immunology,"IgM,Complement,Classical pathway,Immunoglobulins,C1q,2017 MS",
151,"What cells of the immune system are most important for killing of intracellular pathogens? ",B cells ,T cells ,NK cells ,Macrophages ,,,,,2,"Intracellular pathogens are controlled primarily by T cells especially CD8 cytotoxic T cells and Th1 mediated macrophage activation.",Immunology,"T cells,Intracellular pathogens,Cell mediated immunity,CD8,Th1,2017 MS",
152,"Which of the following best describes the mechanism of action of glucocorticoids? ",Inhibition of calcineurin ,Binding to FKBP12 ,Inhibition of inosine monophosphate dehydrogenase ,Inhibition of transcription of pro inflammatory cytokines ,Depletion of CD52 positive cells ,,,,4,"Glucocorticoids suppress inflammation by altering gene transcription reducing pro inflammatory cytokines such as IL 1 IL 2 and TNF alpha.",Immunology,"Glucocorticoids,Mechanism,Cytokines,Immunosuppression,Transcription,2017 MS",
153,"Which of the following best describes the mechanism of action of mycophenolate mofetil? ",Inhibition of calcineurin ,Binding to FKBP12 ,Inhibition of inosine monophosphate dehydrogenase ,Inhibition of transcription of pro inflammatory cytokines ,Depletion of CD52 positive cells ,,,,3,"Mycophenolate inhibits IMPDH blocking de novo purine synthesis and selectively reducing T and B cell proliferation.",Immunology,"Mycophenolate,IMPDH,Purine synthesis,Immunosuppression,Lymphocytes,2017 MS",
154,"What is most often the first presentation of AA amyloidosis? ",Renal ,Cardiovascular ,Macroglossia ,Skin ,Neurological ,,,,1,"AA amyloidosis most commonly presents with renal involvement causing proteinuria and progressive renal impairment.",Immunology,"AA amyloidosis,Renal,Proteinuria,Amyloid,Chronic inflammation,2017 CA",
155,"A medical student asks about influenza vaccine with history of egg allergy causing urticaria but tolerates baked egg. What do you advise? ",She can never have the influenza vaccine ,She can have the influenza vaccine ,She must have skin prick testing against egg white ,She should have 1 10 dose of the influenza vaccine ,She should receive the vaccine under observation in hospital ,,,,2,"Influenza vaccines are safe in egg allergy and do not require special precautions in most patients.",Immunology,"Influenza vaccine,Egg allergy,Vaccination,Safety,Allergy,2017 CA",
156,"A Turkish lady presents with mouth ulcers and sore eyes. Her condition is most likely consistent with? ",Behcets disease ,Aphthous ulcer ,Herpes simplex infection ,Systemic lupus erythematosus ,,,,1,"Recurrent oral ulcers with uveitis in a patient from Mediterranean background suggests Behcets disease.",Rheumatology,"Behcets,Oral ulcers,Uveitis,Vasculitis,Autoimmune,2017 CA",
157,"A man presents with abdominal pain haematuria foot drop and a lace like rash with aneurysms on angiography. What would you expect on blood tests? ",Rheumatoid factor ,P ANCA ,C ANCA ,No antibodies ,dsDNA ,,,,4,"Polyarteritis nodosa is a medium vessel vasculitis that is typically ANCA negative.",Rheumatology,"PAN,Vasculitis,ANCA negative,Medium vessel,Livedo reticularis,2017 CA",
158,"A man with prior amoxicillin allergy requires penicillin and has negative IgE to benzylpenicillin and benzathine penicillin. What management should be advised? ",Give amoxicillin ,Give penicillin without challenge ,Skin prick testing to penicillin ,Oral challenge to penicillin ,Penicillin desensitisation ,,,,4,"Oral challenge is the gold standard to confirm or exclude true penicillin allergy when risk is low.",Immunology,"Penicillin allergy,Oral challenge,Drug allergy,IgE,Desensitisation,2017 CA",
